{
  "hash": "1e2120e3",
  "configHash": "3070b3ea",
  "lockfileHash": "27a863d9",
  "browserHash": "e347d89d",
  "optimized": {
    "@angular/core": {
      "src": "../../../../../../node_modules/@angular/core/fesm2022/core.mjs",
      "file": "@angular_core.js",
      "fileHash": "21a0ff0f",
      "needsInterop": false
    },
    "@angular/platform-browser": {
      "src": "../../../../../../node_modules/@angular/platform-browser/fesm2022/platform-browser.mjs",
      "file": "@angular_platform-browser.js",
      "fileHash": "db666b23",
      "needsInterop": false
    },
    "@angular/router": {
      "src": "../../../../../../node_modules/@angular/router/fesm2022/router.mjs",
      "file": "@angular_router.js",
      "fileHash": "8a4ece84",
      "needsInterop": false
    }
  },
  "chunks": {
    "chunk-AF6E2FN5": {
      "file": "chunk-AF6E2FN5.js"
    },
    "chunk-GOPZBY37": {
      "file": "chunk-GOPZBY37.js"
    }
  }
}